ContactName,EmailAddress,POAddressLine1,POAddressLine2,POAddressLine3,POAddressLine4,POCity,PORegion,POPostalCode,POCountry,SAAddressLine1,SAAddressLine2,SAAddressLine3,SAAddressLine4,SACity,SARegion,SAPostalCode,SACountry,InvoiceNumber,Reference,InvoiceDate,DueDate,PlannedDate,Total,TaxTotal,InvoiceAmountPaid,InvoiceAmountDue,InventoryItemCode,Description,Quantity,UnitAmount,Discount,LineAmount,AccountCode,TaxType,TaxAmount,TrackingName1,TrackingOption1,TrackingName2,TrackingOption2,Currency,Type,Sent,Status
Administracion e Integracion de Eventos Zeus SA de CV,germel4@gmail.com,Calle Nubia 10,Colonia Claveria,Ciudad de Mexico,,México,,CP02080,Mexico,Calle Nubia 10,Colonia Claveria,Ciudad de Mexico,,México,,CP02080,Mexico,INV-250119,,27/10/2025,15/12/2025,,7600.0000,0.0000,0.0000,7600.0000,,M24 Group K - Cat.2,3.0000,950.0000,,2850.0000,1010,Tax Exempt,0.0000,,,,,USD,Sales invoice,Unsent,Awaiting Payment
Administracion e Integracion de Eventos Zeus SA de CV,germel4@gmail.com,Calle Nubia 10,Colonia Claveria,Ciudad de Mexico,,México,,CP02080,Mexico,Calle Nubia 10,Colonia Claveria,Ciudad de Mexico,,México,,CP02080,Mexico,INV-250119,,27/10/2025,15/12/2025,,7600.0000,0.0000,0.0000,7600.0000,,M67 Group L - Cat.2,3.0000,950.0000,,2850.0000,1010,Tax Exempt,0.0000,,,,,USD,Sales invoice,Unsent,Awaiting Payment
Administracion e Integracion de Eventos Zeus SA de CV,germel4@gmail.com,Calle Nubia 10,Colonia Claveria,Ciudad de Mexico,,México,,CP02080,Mexico,Calle Nubia 10,Colonia Claveria,Ciudad de Mexico,,México,,CP02080,Mexico,INV-250119,,27/10/2025,15/12/2025,,7600.0000,0.0000,0.0000,7600.0000,,M77 1I v 3CDFGH - Cat.2,2.0000,950.0000,,1900.0000,1010,Tax Exempt,0.0000,,,,,USD,Sales invoice,Unsent,Awaiting Payment
Administracion e Integracion de Eventos Zeus SA de CV,germel4@gmail.com,Calle Nubia 10,Colonia Claveria,Ciudad de Mexico,,México,,CP02080,Mexico,Calle Nubia 10,Colonia Claveria,Ciudad de Mexico,,México,,CP02080,Mexico,INV-250119,,27/10/2025,15/12/2025,,7600.0000,0.0000,0.0000,7600.0000,,Payment terms:03-Nov-2025 - 3800 USD15-Dec-2025 - 3800 USD,0,0,,0.0000,,,0.0000,,,,,USD,Sales invoice,Unsent,Awaiting Payment
One2Travel Group,jl.medina@one2travel.mx,"Av. Contreras 700, Oficina 204",San Jerónimo Lidice,,,Mexico City,,10400,Mexico,"Av. Contreras 700, Oficina 204",San Jerónimo Lidice,,,Mexico City,,10400,Mexico,INV-250118,,23/10/2025,15/01/2026,,27800.0000,0.0000,0.0000,27800.0000,,M104 Final - Cat.3/4,4.0000,6950.0000,,27800.0000,1010,Tax Exempt,0.0000,,,,,USD,Sales invoice,Unsent,Awaiting Payment
One2Travel Group,jl.medina@one2travel.mx,"Av. Contreras 700, Oficina 204",San Jerónimo Lidice,,,Mexico City,,10400,Mexico,"Av. Contreras 700, Oficina 204",San Jerónimo Lidice,,,Mexico City,,10400,Mexico,INV-250118,,23/10/2025,15/01/2026,,27800.0000,0.0000,0.0000,27800.0000,,50% — USD 13900 on 03/Nov/202550% — USD 13900 on 15/Jan/2026,0,0,,0.0000,,,0.0000,,,,,USD,Sales invoice,Unsent,Awaiting Payment
Tower Travel,administracion2@towertravel.com.ar,Lavalle 462 Piso 4,,,,Buenos Aires,,1047AAJ,Argentina,Lavalle 462 Piso 4,,,,Buenos Aires,,1047AAJ,Argentina,INV-250117,,23/10/2025,30/10/2025,,6000.0000,0.0000,0.0000,6000.0000,,Quarter Final Argentinaupgrade level C/D to category 2,3.0000,500.0000,,1500.0000,1010,Tax Exempt,0.0000,,,,,USD,Sales invoice,Unsent,Awaiting Payment
Tower Travel,administracion2@towertravel.com.ar,Lavalle 462 Piso 4,,,,Buenos Aires,,1047AAJ,Argentina,Lavalle 462 Piso 4,,,,Buenos Aires,,1047AAJ,Argentina,INV-250117,,23/10/2025,30/10/2025,,6000.0000,0.0000,0.0000,6000.0000,,Quarter Final Argentinaupgrade level C/D to category 1,5.0000,900.0000,,4500.0000,1010,Tax Exempt,0.0000,,,,,USD,Sales invoice,Unsent,Awaiting Payment
Jesús Artemio Rodríguez Medina,chucho_artemio@hotmail.com,,,,,,,,,"Severo Castillo #329,",Col. Gobernadores,C.P. 38035,,Celaya,Guanajuato,,Mexico,INV-250116,,23/10/2025,30/10/2025,,14250.0000,0.0000,0.0000,14250.0000,,M75 1F v 2C - Cat.1,3.0000,1250.0000,,3750.0000,1010,Tax Exempt,0.0000,,,,,USD,Sales invoice,Unsent,Awaiting Payment
Jesús Artemio Rodríguez Medina,chucho_artemio@hotmail.com,,,,,,,,,"Severo Castillo #329,",Col. Gobernadores,C.P. 38035,,Celaya,Guanajuato,,Mexico,INV-250116,,23/10/2025,30/10/2025,,14250.0000,0.0000,0.0000,14250.0000,,M79 1A v 3CEFHI - Cat.2,3.0000,2250.0000,,6750.0000,1010,Tax Exempt,0.0000,,,,,USD,Sales invoice,Unsent,Awaiting Payment
Jesús Artemio Rodríguez Medina,chucho_artemio@hotmail.com,,,,,,,,,"Severo Castillo #329,",Col. Gobernadores,C.P. 38035,,Celaya,Guanajuato,,Mexico,INV-250116,,23/10/2025,30/10/2025,,14250.0000,0.0000,0.0000,14250.0000,,M92 W79 v W80 - Cat.2,3.0000,1250.0000,,3750.0000,1010,Tax Exempt,0.0000,,,,,USD,Sales invoice,Unsent,Awaiting Payment
One2Travel Group,jl.medina@one2travel.mx,"Av. Contreras 700, Oficina 204",San Jerónimo Lidice,,,Mexico City,,10400,Mexico,"Av. Contreras 700, Oficina 204",San Jerónimo Lidice,,,Mexico City,,10400,Mexico,INV-250115,,22/10/2025,17/12/2025,,1590.0000,0.0000,0.0000,1590.0000,,M24 Group K - Cat.3/4Enrique,2.0000,795.0000,,1590.0000,1010,Tax Exempt,0.0000,,,,,USD,Sales invoice,Unsent,Awaiting Payment
One2Travel Group,jl.medina@one2travel.mx,"Av. Contreras 700, Oficina 204",San Jerónimo Lidice,,,Mexico City,,10400,Mexico,"Av. Contreras 700, Oficina 204",San Jerónimo Lidice,,,Mexico City,,10400,Mexico,INV-250112,,20/10/2025,15/12/2025,,13800.0000,0.0000,0.0000,13800.0000,,M01 - Mexico Gr. A - Cat.3/4Gloria,2.0000,3950.0000,,7900.0000,1010,Tax Exempt,0.0000,,,,,USD,Sales invoice,Unsent,Awaiting Payment
One2Travel Group,jl.medina@one2travel.mx,"Av. Contreras 700, Oficina 204",San Jerónimo Lidice,,,Mexico City,,10400,Mexico,"Av. Contreras 700, Oficina 204",San Jerónimo Lidice,,,Mexico City,,10400,Mexico,INV-250112,,20/10/2025,15/12/2025,,13800.0000,0.0000,0.0000,13800.0000,,M28 - MEX * 2 - Cat.2Gloria,2.0000,2950.0000,,5900.0000,1010,Tax Exempt,0.0000,,,,,USD,Sales invoice,Unsent,Awaiting Payment
One2Travel Group,jl.medina@one2travel.mx,"Av. Contreras 700, Oficina 204",San Jerónimo Lidice,,,Mexico City,,10400,Mexico,"Av. Contreras 700, Oficina 204",San Jerónimo Lidice,,,Mexico City,,10400,Mexico,INV-250112,,20/10/2025,15/12/2025,,13800.0000,0.0000,0.0000,13800.0000,,50% — USD 6900 on 27/10/202550% — USD 6900 on 15/12/2025,0,0,,0.0000,,,0.0000,,,,,USD,Sales invoice,Unsent,Awaiting Payment
One2Travel Group,jl.medina@one2travel.mx,"Av. Contreras 700, Oficina 204",San Jerónimo Lidice,,,Mexico City,,10400,Mexico,"Av. Contreras 700, Oficina 204",San Jerónimo Lidice,,,Mexico City,,10400,Mexico,INV-250108,,29/09/2025,6/10/2025,,3950.0000,0.0000,0.0000,3950.0000,,M01 - Mexico Gr. A - Cat.3/4,1.0000,3950.0000,,3950.0000,1010,Tax Exempt,0.0000,,,,,USD,Sales invoice,Unsent,Awaiting Payment
One2Travel Group,jl.medina@one2travel.mx,"Av. Contreras 700, Oficina 204",San Jerónimo Lidice,,,Mexico City,,10400,Mexico,"Av. Contreras 700, Oficina 204",San Jerónimo Lidice,,,Mexico City,,10400,Mexico,INV-250107,,29/09/2025,6/10/2025,,1950.0000,0.0000,0.0000,1950.0000,,M48 Group K - Cat.3/4,1.0000,650.0000,,650.0000,1010,Tax Exempt,0.0000,,,,,USD,Sales invoice,Unsent,Awaiting Payment
One2Travel Group,jl.medina@one2travel.mx,"Av. Contreras 700, Oficina 204",San Jerónimo Lidice,,,Mexico City,,10400,Mexico,"Av. Contreras 700, Oficina 204",San Jerónimo Lidice,,,Mexico City,,10400,Mexico,INV-250107,,29/09/2025,6/10/2025,,1950.0000,0.0000,0.0000,1950.0000,,M54 Group A - Cat.3/4,1.0000,650.0000,,650.0000,1010,Tax Exempt,0.0000,,,,,USD,Sales invoice,Unsent,Awaiting Payment
One2Travel Group,jl.medina@one2travel.mx,"Av. Contreras 700, Oficina 204",San Jerónimo Lidice,,,Mexico City,,10400,Mexico,"Av. Contreras 700, Oficina 204",San Jerónimo Lidice,,,Mexico City,,10400,Mexico,INV-250107,,29/09/2025,6/10/2025,,1950.0000,0.0000,0.0000,1950.0000,,M66 Group H - Cat.3/4,1.0000,650.0000,,650.0000,1010,Tax Exempt,0.0000,,,,,USD,Sales invoice,Unsent,Awaiting Payment
Administracion e Integracion de Eventos Zeus SA de CV,germel4@gmail.com,Calle Nubia 10,Colonia Claveria,Ciudad de Mexico,,México,,CP02080,Mexico,Calle Nubia 10,Colonia Claveria,Ciudad de Mexico,,México,,CP02080,Mexico,INV-250106,,29/09/2025,2/03/2026,,97800.0000,0.0000,24450.0000,73350.0000,,M01 - MEX * 1 - TopCat.1,5.0000,5950.0000,,29750.0000,1010,Tax Exempt,0.0000,,,,,USD,Sales invoice,Unsent,Awaiting Payment
Administracion e Integracion de Eventos Zeus SA de CV,germel4@gmail.com,Calle Nubia 10,Colonia Claveria,Ciudad de Mexico,,México,,CP02080,Mexico,Calle Nubia 10,Colonia Claveria,Ciudad de Mexico,,México,,CP02080,Mexico,INV-250106,,29/09/2025,2/03/2026,,97800.0000,0.0000,24450.0000,73350.0000,,M28 - MEX * 2 - TopCat.1,3.0000,4950.0000,,14850.0000,1010,Tax Exempt,0.0000,,,,,USD,Sales invoice,Unsent,Awaiting Payment
Administracion e Integracion de Eventos Zeus SA de CV,germel4@gmail.com,Calle Nubia 10,Colonia Claveria,Ciudad de Mexico,,México,,CP02080,Mexico,Calle Nubia 10,Colonia Claveria,Ciudad de Mexico,,México,,CP02080,Mexico,INV-250106,,29/09/2025,2/03/2026,,97800.0000,0.0000,24450.0000,73350.0000,,M53 - MEX * 3 - TopCat.1,3.0000,4950.0000,,14850.0000,1010,Tax Exempt,0.0000,,,,,USD,Sales invoice,Unsent,Awaiting Payment
Administracion e Integracion de Eventos Zeus SA de CV,germel4@gmail.com,Calle Nubia 10,Colonia Claveria,Ciudad de Mexico,,México,,CP02080,Mexico,Calle Nubia 10,Colonia Claveria,Ciudad de Mexico,,México,,CP02080,Mexico,INV-250106,,29/09/2025,2/03/2026,,97800.0000,0.0000,24450.0000,73350.0000,,M79 1A v 3CEFHI - TopCat1,4.0000,2950.0000,,11800.0000,1010,Tax Exempt,0.0000,,,,,USD,Sales invoice,Unsent,Awaiting Payment
Administracion e Integracion de Eventos Zeus SA de CV,germel4@gmail.com,Calle Nubia 10,Colonia Claveria,Ciudad de Mexico,,México,,CP02080,Mexico,Calle Nubia 10,Colonia Claveria,Ciudad de Mexico,,México,,CP02080,Mexico,INV-250106,,29/09/2025,2/03/2026,,97800.0000,0.0000,24450.0000,73350.0000,,M92 W79 v W80 - TopCat1,3.0000,2250.0000,,6750.0000,1010,Tax Exempt,0.0000,,,,,USD,Sales invoice,Unsent,Awaiting Payment
Administracion e Integracion de Eventos Zeus SA de CV,germel4@gmail.com,Calle Nubia 10,Colonia Claveria,Ciudad de Mexico,,México,,CP02080,Mexico,Calle Nubia 10,Colonia Claveria,Ciudad de Mexico,,México,,CP02080,Mexico,INV-250106,,29/09/2025,2/03/2026,,97800.0000,0.0000,24450.0000,73350.0000,,M102 W99 v W100 - TopCat1,4.0000,4950.0000,,19800.0000,1010,Tax Exempt,0.0000,,,,,USD,Sales invoice,Unsent,Awaiting Payment
Administracion e Integracion de Eventos Zeus SA de CV,germel4@gmail.com,Calle Nubia 10,Colonia Claveria,Ciudad de Mexico,,México,,CP02080,Mexico,Calle Nubia 10,Colonia Claveria,Ciudad de Mexico,,México,,CP02080,Mexico,INV-250106,,29/09/2025,2/03/2026,,97800.0000,0.0000,24450.0000,73350.0000,,"25% — USD 24,450 on 05-OCT-202550% — USD 48,900 on 15-DEC-202525% — USD 24,450 on 02-MAR-2026",0,0,,0.0000,,,0.0000,,,,,USD,Sales invoice,Unsent,Awaiting Payment
The Blend Group Ltd.,andrew@theblendgroup.com,"Woolyard, Bermondsey Street",,,,London,,SE1 3UD,United Kingdom,,,,,,,,,INV-250105,,22/09/2025,1/04/2026,,38700.0000,0.0000,9675.0000,29025.0000,,M01 - MEX * 1 - TopCat.1,6.0000,6450.0000,,38700.0000,1010,Tax Exempt,0.0000,,,,,USD,Sales invoice,Unsent,Awaiting Payment
The Blend Group Ltd.,andrew@theblendgroup.com,"Woolyard, Bermondsey Street",,,,London,,SE1 3UD,United Kingdom,,,,,,,,,INV-250105,,22/09/2025,1/04/2026,,38700.0000,0.0000,9675.0000,29025.0000,,25% — USD 9675 on 02/10/202525% — USD 9675 on 01/12/202550% — USD 19350 on 01/03/2026,0,0,,0.0000,,,0.0000,,,,,USD,Sales invoice,Unsent,Awaiting Payment
One2Travel Group,jl.medina@one2travel.mx,"Av. Contreras 700, Oficina 204",San Jerónimo Lidice,,,Mexico City,,10400,Mexico,"Av. Contreras 700, Oficina 204",San Jerónimo Lidice,,,Mexico City,,10400,Mexico,INV-250104,,22/09/2025,29/09/2025,,11400.0000,0.0000,0.0000,11400.0000,,M24 Group K - Cat.2,4.0000,950.0000,,3800.0000,1010,Tax Exempt,0.0000,,,,,USD,Sales invoice,Unsent,Awaiting Payment
One2Travel Group,jl.medina@one2travel.mx,"Av. Contreras 700, Oficina 204",San Jerónimo Lidice,,,Mexico City,,10400,Mexico,"Av. Contreras 700, Oficina 204",San Jerónimo Lidice,,,Mexico City,,10400,Mexico,INV-250104,,22/09/2025,29/09/2025,,11400.0000,0.0000,0.0000,11400.0000,,M36 Group F - Cat.2,4.0000,950.0000,,3800.0000,1010,Tax Exempt,0.0000,,,,,USD,Sales invoice,Unsent,Awaiting Payment
One2Travel Group,jl.medina@one2travel.mx,"Av. Contreras 700, Oficina 204",San Jerónimo Lidice,,,Mexico City,,10400,Mexico,"Av. Contreras 700, Oficina 204",San Jerónimo Lidice,,,Mexico City,,10400,Mexico,INV-250104,,22/09/2025,29/09/2025,,11400.0000,0.0000,0.0000,11400.0000,,M48 Group K - Cat.2,4.0000,950.0000,,3800.0000,1010,Tax Exempt,0.0000,,,,,USD,Sales invoice,Unsent,Awaiting Payment
One2Travel Group,jl.medina@one2travel.mx,"Av. Contreras 700, Oficina 204",San Jerónimo Lidice,,,Mexico City,,10400,Mexico,"Av. Contreras 700, Oficina 204",San Jerónimo Lidice,,,Mexico City,,10400,Mexico,INV-250103,,19/09/2025,26/09/2025,,3800.0000,0.0000,0.0000,3800.0000,,M36 Group F - Cat.2,4.0000,950.0000,,3800.0000,1010,Tax Exempt,0.0000,,,,,USD,Sales invoice,Unsent,Awaiting Payment
One2Travel Group,jl.medina@one2travel.mx,"Av. Contreras 700, Oficina 204",San Jerónimo Lidice,,,Mexico City,,10400,Mexico,"Av. Contreras 700, Oficina 204",San Jerónimo Lidice,,,Mexico City,,10400,Mexico,INV-250102,,15/09/2025,22/09/2025,,950.0000,0.0000,0.0000,950.0000,,M24 Group K - Cat.2Deysi,1.0000,950.0000,,950.0000,1010,Tax Exempt,0.0000,,,,,USD,Sales invoice,Unsent,Awaiting Payment
The Blend Group Ltd.,andrew@theblendgroup.com,"Woolyard, Bermondsey Street",,,,London,,SE1 3UD,United Kingdom,,,,,,,,,INV-250101,,12/09/2025,1/03/2026,,87400.0000,0.0000,21850.0000,65550.0000,,M64 Group G - TopCat.1,2.0000,1250.0000,,2500.0000,1010,Tax Exempt,0.0000,,,,,USD,Sales invoice,Unsent,Awaiting Payment
The Blend Group Ltd.,andrew@theblendgroup.com,"Woolyard, Bermondsey Street",,,,London,,SE1 3UD,United Kingdom,,,,,,,,,INV-250101,,12/09/2025,1/03/2026,,87400.0000,0.0000,21850.0000,65550.0000,,M85 1B v 3EFGIJ - TopCat.1,2.0000,1100.0000,,2200.0000,1010,Tax Exempt,0.0000,,,,,USD,Sales invoice,Unsent,Awaiting Payment
The Blend Group Ltd.,andrew@theblendgroup.com,"Woolyard, Bermondsey Street",,,,London,,SE1 3UD,United Kingdom,,,,,,,,,INV-250101,,12/09/2025,1/03/2026,,87400.0000,0.0000,21850.0000,65550.0000,,M98 W93 v W94 - TopCat.1,2.0000,2450.0000,,4900.0000,1010,Tax Exempt,0.0000,,,,,USD,Sales invoice,Unsent,Awaiting Payment
The Blend Group Ltd.,andrew@theblendgroup.com,"Woolyard, Bermondsey Street",,,,London,,SE1 3UD,United Kingdom,,,,,,,,,INV-250101,,12/09/2025,1/03/2026,,87400.0000,0.0000,21850.0000,65550.0000,,M101 W97 v W98 - TopCat1Together,4.0000,4950.0000,,19800.0000,1010,Tax Exempt,0.0000,,,,,USD,Sales invoice,Unsent,Awaiting Payment
The Blend Group Ltd.,andrew@theblendgroup.com,"Woolyard, Bermondsey Street",,,,London,,SE1 3UD,United Kingdom,,,,,,,,,INV-250101,,12/09/2025,1/03/2026,,87400.0000,0.0000,21850.0000,65550.0000,,M104 Final - TopCat1Together,4.0000,14500.0000,,58000.0000,1010,Tax Exempt,0.0000,,,,,USD,Sales invoice,Unsent,Awaiting Payment
The Blend Group Ltd.,andrew@theblendgroup.com,"Woolyard, Bermondsey Street",,,,London,,SE1 3UD,United Kingdom,,,,,,,,,INV-250101,,12/09/2025,1/03/2026,,87400.0000,0.0000,21850.0000,65550.0000,,25% — USD 21850 on 22/09/202525% — USD 21850 on 01/12/202550% — USD 43700 on 01/03/2026,0,0,,0.0000,,,0.0000,,,,,USD,Sales invoice,Unsent,Awaiting Payment
One2Travel Group,jl.medina@one2travel.mx,"Av. Contreras 700, Oficina 204",San Jerónimo Lidice,,,Mexico City,,10400,Mexico,"Av. Contreras 700, Oficina 204",San Jerónimo Lidice,,,Mexico City,,10400,Mexico,INV-250100,,11/09/2025,18/09/2025,,9900.0000,0.0000,0.0000,9900.0000,,M01 - Mexico Gr. A - Cat.1,2.0000,4950.0000,,9900.0000,1010,Tax Exempt,0.0000,,,,,USD,Sales invoice,Unsent,Awaiting Payment
Administracion e Integracion de Eventos Zeus SA de CV,germel4@gmail.com,Calle Nubia 10,Colonia Claveria,Ciudad de Mexico,,México,,CP02080,Mexico,Calle Nubia 10,Colonia Claveria,Ciudad de Mexico,,México,,CP02080,Mexico,INV-250098,,10/09/2025,1/12/2025,,21600.0000,0.0000,10800.0000,10800.0000,,M53 - MEX * 3 - Cat.2,4.0000,3450.0000,,13800.0000,1010,Tax Exempt,0.0000,,,,,USD,Sales invoice,Unsent,Awaiting Payment
Administracion e Integracion de Eventos Zeus SA de CV,germel4@gmail.com,Calle Nubia 10,Colonia Claveria,Ciudad de Mexico,,México,,CP02080,Mexico,Calle Nubia 10,Colonia Claveria,Ciudad de Mexico,,México,,CP02080,Mexico,INV-250098,,10/09/2025,1/12/2025,,21600.0000,0.0000,10800.0000,10800.0000,,M79 1A v 3CEFHI - Cat2,4.0000,1950.0000,,7800.0000,1010,Tax Exempt,0.0000,,,,,USD,Sales invoice,Unsent,Awaiting Payment
Administracion e Integracion de Eventos Zeus SA de CV,germel4@gmail.com,Calle Nubia 10,Colonia Claveria,Ciudad de Mexico,,México,,CP02080,Mexico,Calle Nubia 10,Colonia Claveria,Ciudad de Mexico,,México,,CP02080,Mexico,INV-250098,,10/09/2025,1/12/2025,,21600.0000,0.0000,10800.0000,10800.0000,,50% — USD 10800 on 22/09/202550% — USD 10800 on 01/12/2025,0,0,,0.0000,,,0.0000,,,,,USD,Sales invoice,Unsent,Awaiting Payment
One2Travel Group,jl.medina@one2travel.mx,"Av. Contreras 700, Oficina 204",San Jerónimo Lidice,,,Mexico City,,10400,Mexico,"Av. Contreras 700, Oficina 204",San Jerónimo Lidice,,,Mexico City,,10400,Mexico,INV-250097,,10/09/2025,17/09/2025,,3750.0000,0.0000,0.0000,3750.0000,,M92 W79 v W80 - Cat.2(Paulina),3.0000,1250.0000,,3750.0000,1010,Tax Exempt,0.0000,,,,,USD,Sales invoice,Unsent,Awaiting Payment
One2Travel Group,jl.medina@one2travel.mx,"Av. Contreras 700, Oficina 204",San Jerónimo Lidice,,,Mexico City,,10400,Mexico,"Av. Contreras 700, Oficina 204",San Jerónimo Lidice,,,Mexico City,,10400,Mexico,INV-250095,,10/09/2025,17/09/2025,,6600.0000,0.0000,0.0000,6600.0000,,M24 Group K - TopCat.1(Ethel),4.0000,1650.0000,,6600.0000,1010,Tax Exempt,0.0000,,,,,USD,Sales invoice,Unsent,Awaiting Payment
One2Travel Group,jl.medina@one2travel.mx,"Av. Contreras 700, Oficina 204",San Jerónimo Lidice,,,Mexico City,,10400,Mexico,"Av. Contreras 700, Oficina 204",San Jerónimo Lidice,,,Mexico City,,10400,Mexico,INV-250093,,28/08/2025,4/09/2025,,1500.0000,0.0000,0.0000,1500.0000,,M24 Group K - Cat.3/4Diana,2.0000,750.0000,,1500.0000,1010,Tax Exempt,0.0000,,,,,USD,Sales invoice,Unsent,Awaiting Payment
The Blend Group Ltd.,andrew@theblendgroup.com,"Woolyard, Bermondsey Street",,,,London,,SE1 3UD,United Kingdom,,,,,,,,,INV-250091,,22/08/2025,1/03/2026,,106800.0000,0.0000,26700.0000,80100.0000,,M101 W97 v W98 - TopCat1,2.0000,4950.0000,,9900.0000,1010,Tax Exempt,0.0000,,,,,USD,Sales invoice,Unsent,Awaiting Payment
The Blend Group Ltd.,andrew@theblendgroup.com,"Woolyard, Bermondsey Street",,,,London,,SE1 3UD,United Kingdom,,,,,,,,,INV-250091,,22/08/2025,1/03/2026,,106800.0000,0.0000,26700.0000,80100.0000,,M102 W99 v W100 - TopCat1,2.0000,4950.0000,,9900.0000,1010,Tax Exempt,0.0000,,,,,USD,Sales invoice,Unsent,Awaiting Payment
The Blend Group Ltd.,andrew@theblendgroup.com,"Woolyard, Bermondsey Street",,,,London,,SE1 3UD,United Kingdom,,,,,,,,,INV-250091,,22/08/2025,1/03/2026,,106800.0000,0.0000,26700.0000,80100.0000,,M104 Final - TopCat1Together,6.0000,14500.0000,,87000.0000,1010,Tax Exempt,0.0000,,,,,USD,Sales invoice,Unsent,Awaiting Payment
The Blend Group Ltd.,andrew@theblendgroup.com,"Woolyard, Bermondsey Street",,,,London,,SE1 3UD,United Kingdom,,,,,,,,,INV-250091,,22/08/2025,1/03/2026,,106800.0000,0.0000,26700.0000,80100.0000,,Payment term:25% deposit to confirm25% deposit 1st Dec 202550% balance 1st March 2026,0,0,,0.0000,,,0.0000,,,,,USD,Sales invoice,Unsent,Awaiting Payment
Administracion e Integracion de Eventos Zeus SA de CV,germel4@gmail.com,Calle Nubia 10,Colonia Claveria,Ciudad de Mexico,,México,,CP02080,Mexico,Calle Nubia 10,Colonia Claveria,Ciudad de Mexico,,México,,CP02080,Mexico,INV-250090,,20/08/2025,1/12/2025,,3300.0000,0.0000,1625.0000,1675.0000,,M39 Group G - Cat3/4,6.0000,550.0000,,3300.0000,1010,Tax Exempt,0.0000,,,,,USD,Sales invoice,Unsent,Awaiting Payment
Administracion e Integracion de Eventos Zeus SA de CV,germel4@gmail.com,Calle Nubia 10,Colonia Claveria,Ciudad de Mexico,,México,,CP02080,Mexico,Calle Nubia 10,Colonia Claveria,Ciudad de Mexico,,México,,CP02080,Mexico,INV-250090,,20/08/2025,1/12/2025,,3300.0000,0.0000,1625.0000,1675.0000,,Payment term:50% deposit — due on receipt50% balance — 1st December 2025,0,0,,0.0000,,,0.0000,,,,,USD,Sales invoice,Unsent,Awaiting Payment
One2Travel Group,jl.medina@one2travel.mx,"Av. Contreras 700, Oficina 204",San Jerónimo Lidice,,,Mexico City,,10400,Mexico,"Av. Contreras 700, Oficina 204",San Jerónimo Lidice,,,Mexico City,,10400,Mexico,INV-250088,,20/08/2025,27/08/2025,,5500.0000,0.0000,0.0000,5500.0000,,M101 W97 v W98 - Cat3/4Kathia,2.0000,2750.0000,,5500.0000,1010,Tax Exempt,0.0000,,,,,USD,Sales invoice,Unsent,Awaiting Payment
One2Travel Group,jl.medina@one2travel.mx,"Av. Contreras 700, Oficina 204",San Jerónimo Lidice,,,Mexico City,,10400,Mexico,"Av. Contreras 700, Oficina 204",San Jerónimo Lidice,,,Mexico City,,10400,Mexico,INV-250087,,1/08/2025,1/12/2025,,13800.0000,0.0000,6900.0000,6900.0000,,Match 28 Mex * 2 TOP Cat 1,4.0000,3450.0000,,13800.0000,1010,Tax Exempt,0.0000,,,,,USD,Sales invoice,Sent,Awaiting Payment
One2Travel Group,jl.medina@one2travel.mx,"Av. Contreras 700, Oficina 204",San Jerónimo Lidice,,,Mexico City,,10400,Mexico,"Av. Contreras 700, Oficina 204",San Jerónimo Lidice,,,Mexico City,,10400,Mexico,INV-250087,,1/08/2025,1/12/2025,,13800.0000,0.0000,6900.0000,6900.0000,,"Payment Terms:50% direct by receiving invoice 6.900,- |USD 50% 1-12-2025 6.900,- USD",0,0,,0.0000,,,0.0000,,,,,USD,Sales invoice,Sent,Awaiting Payment
One2Travel Group,jl.medina@one2travel.mx,"Av. Contreras 700, Oficina 204",San Jerónimo Lidice,,,Mexico City,,10400,Mexico,"Av. Contreras 700, Oficina 204",San Jerónimo Lidice,,,Mexico City,,10400,Mexico,INV-250086,,29/07/2025,5/08/2025,,13550.0000,0.0000,6775.0000,6775.0000,,M53 Mex - 3 cat 3/4,2.0000,2250.0000,,4500.0000,1010,Tax Exempt,0.0000,,,,,USD,Sales invoice,Sent,Awaiting Payment
One2Travel Group,jl.medina@one2travel.mx,"Av. Contreras 700, Oficina 204",San Jerónimo Lidice,,,Mexico City,,10400,Mexico,"Av. Contreras 700, Oficina 204",San Jerónimo Lidice,,,Mexico City,,10400,Mexico,INV-250086,,29/07/2025,5/08/2025,,13550.0000,0.0000,6775.0000,6775.0000,,M79 1a - 3 CEFHI Cat 3/4,4.0000,950.0000,,3800.0000,1010,Tax Exempt,0.0000,,,,,USD,Sales invoice,Sent,Awaiting Payment
One2Travel Group,jl.medina@one2travel.mx,"Av. Contreras 700, Oficina 204",San Jerónimo Lidice,,,Mexico City,,10400,Mexico,"Av. Contreras 700, Oficina 204",San Jerónimo Lidice,,,Mexico City,,10400,Mexico,INV-250086,,29/07/2025,5/08/2025,,13550.0000,0.0000,6775.0000,6775.0000,,M92 W79 - W80 Cat 1 3 tickets together,3.0000,1750.0000,,5250.0000,1010,Tax Exempt,0.0000,,,,,USD,Sales invoice,Sent,Awaiting Payment
One2Travel Group,jl.medina@one2travel.mx,"Av. Contreras 700, Oficina 204",San Jerónimo Lidice,,,Mexico City,,10400,Mexico,"Av. Contreras 700, Oficina 204",San Jerónimo Lidice,,,Mexico City,,10400,Mexico,INV-250085,,26/07/2025,1/12/2025,,55000.0000,0.0000,13750.0000,41250.0000,,M28 - Mex*2 cat 1,10.0000,2750.0000,,27500.0000,1010,Tax Exempt,0.0000,,,,,USD,Sales invoice,Sent,Awaiting Payment
One2Travel Group,jl.medina@one2travel.mx,"Av. Contreras 700, Oficina 204",San Jerónimo Lidice,,,Mexico City,,10400,Mexico,"Av. Contreras 700, Oficina 204",San Jerónimo Lidice,,,Mexico City,,10400,Mexico,INV-250085,,26/07/2025,1/12/2025,,55000.0000,0.0000,13750.0000,41250.0000,,M53 - Mex-3 cat 1,10.0000,2750.0000,,27500.0000,1010,Tax Exempt,0.0000,,,,,USD,Sales invoice,Sent,Awaiting Payment
One2Travel Group,jl.medina@one2travel.mx,"Av. Contreras 700, Oficina 204",San Jerónimo Lidice,,,Mexico City,,10400,Mexico,"Av. Contreras 700, Oficina 204",San Jerónimo Lidice,,,Mexico City,,10400,Mexico,INV-250085,,26/07/2025,1/12/2025,,55000.0000,0.0000,13750.0000,41250.0000,,Payment terms:25% —direct   USD 13.750 50% 01-12-25 USD 27.500 25% 01-02-26 USD 13.750,0,0,,0.0000,,,0.0000,,,,,USD,Sales invoice,Sent,Awaiting Payment
One2Travel Group,jl.medina@one2travel.mx,"Av. Contreras 700, Oficina 204",San Jerónimo Lidice,,,Mexico City,,10400,Mexico,"Av. Contreras 700, Oficina 204",San Jerónimo Lidice,,,Mexico City,,10400,Mexico,INV-250082,,22/07/2025,15/09/2025,,12000.0000,0.0000,6000.0000,6000.0000,,M-76 1C v 2F - TopCat.1,12.0000,1000.0000,,12000.0000,1010,Tax Exempt,0.0000,,,,,USD,Sales invoice,Unsent,Awaiting Payment
One2Travel Group,jl.medina@one2travel.mx,"Av. Contreras 700, Oficina 204",San Jerónimo Lidice,,,Mexico City,,10400,Mexico,"Av. Contreras 700, Oficina 204",San Jerónimo Lidice,,,Mexico City,,10400,Mexico,INV-250082,,22/07/2025,15/09/2025,,12000.0000,0.0000,6000.0000,6000.0000,,50% — USD 6000 on 15/08/202550% — USD 6000 on 15/09/2025,0,0,,0.0000,,,0.0000,,,,,USD,Sales invoice,Unsent,Awaiting Payment
One2Travel Group,jl.medina@one2travel.mx,"Av. Contreras 700, Oficina 204",San Jerónimo Lidice,,,Mexico City,,10400,Mexico,"Av. Contreras 700, Oficina 204",San Jerónimo Lidice,,,Mexico City,,10400,Mexico,INV-250079,,14/07/2025,15/09/2025,,30000.0000,0.0000,15000.0000,15000.0000,,M-28 MEX vs Group A - Cat.2Kike,10.0000,2250.0000,,22500.0000,1010,Tax Exempt,0.0000,,,,,USD,Sales invoice,Unsent,Awaiting Payment
One2Travel Group,jl.medina@one2travel.mx,"Av. Contreras 700, Oficina 204",San Jerónimo Lidice,,,Mexico City,,10400,Mexico,"Av. Contreras 700, Oficina 204",San Jerónimo Lidice,,,Mexico City,,10400,Mexico,INV-250079,,14/07/2025,15/09/2025,,30000.0000,0.0000,15000.0000,15000.0000,,M-36 Group F - Cat.2Kike,10.0000,750.0000,,7500.0000,1010,Tax Exempt,0.0000,,,,,USD,Sales invoice,Unsent,Awaiting Payment
One2Travel Group,jl.medina@one2travel.mx,"Av. Contreras 700, Oficina 204",San Jerónimo Lidice,,,Mexico City,,10400,Mexico,"Av. Contreras 700, Oficina 204",San Jerónimo Lidice,,,Mexico City,,10400,Mexico,INV-250079,,14/07/2025,15/09/2025,,30000.0000,0.0000,15000.0000,15000.0000,,Payment terms:50% — USD 15000 on 15/08/202550% — USD 15000 on 15/09/2025,0,0,,0.0000,,,0.0000,,,,,USD,Sales invoice,Unsent,Awaiting Payment
One2Travel Group,jl.medina@one2travel.mx,"Av. Contreras 700, Oficina 204",San Jerónimo Lidice,,,Mexico City,,10400,Mexico,"Av. Contreras 700, Oficina 204",San Jerónimo Lidice,,,Mexico City,,10400,Mexico,INV-250077,,7/07/2025,15/08/2025,,5000.0000,0.0000,3350.0000,1650.0000,,M-12 MONTERREYMónica,4.0000,1250.0000,,5000.0000,1010,Tax Exempt,0.0000,,,,,USD,Sales invoice,Unsent,Awaiting Payment
Tower Travel,administracion2@towertravel.com.ar,Lavalle 462 Piso 4,,,,Buenos Aires,,1047AAJ,Argentina,Lavalle 462 Piso 4,,,,Buenos Aires,,1047AAJ,Argentina,INV-250075-6,,30/06/2025,1/07/2025,,128625.0000,0.0000,0.0000,128625.0000,,WC 2026 ticketsContract 2025-1004FMT ARG & BRA,1.0000,128625.0000,,128625.0000,1010,Tax Exempt,0.0000,,,,,USD,Sales invoice,Unsent,Awaiting Payment
Tower Travel,administracion2@towertravel.com.ar,Lavalle 462 Piso 4,,,,Buenos Aires,,1047AAJ,Argentina,Lavalle 462 Piso 4,,,,Buenos Aires,,1047AAJ,Argentina,INV-250075-6,,30/06/2025,1/07/2025,,128625.0000,0.0000,0.0000,128625.0000,,"Payment term:2nd payment of 10% - $771,750 USD due by 01/07/2025Contract #2025-1004",0,0,,0.0000,,,0.0000,,,,,USD,Sales invoice,Unsent,Awaiting Payment
One2Travel Group,jl.medina@one2travel.mx,"Av. Contreras 700, Oficina 204",San Jerónimo Lidice,,,Mexico City,,10400,Mexico,"Av. Contreras 700, Oficina 204",San Jerónimo Lidice,,,Mexico City,,10400,Mexico,INV-250073,,18/06/2025,15/08/2025,,9900.0000,0.0000,6633.0000,3267.0000,,M01 - MEX * 1 - TopCat.1,2.0000,4950.0000,,9900.0000,1010,Tax Exempt,0.0000,,,,,USD,Sales invoice,Unsent,Awaiting Payment
One2Travel Group,jl.medina@one2travel.mx,"Av. Contreras 700, Oficina 204",San Jerónimo Lidice,,,Mexico City,,10400,Mexico,"Av. Contreras 700, Oficina 204",San Jerónimo Lidice,,,Mexico City,,10400,Mexico,INV-250073,,18/06/2025,15/08/2025,,9900.0000,0.0000,6633.0000,3267.0000,,Payment terms:100% — USD 9900 on 15/08/2025,0,0,,0.0000,,,0.0000,,,,,USD,Sales invoice,Unsent,Awaiting Payment
One2Travel Group,jl.medina@one2travel.mx,"Av. Contreras 700, Oficina 204",San Jerónimo Lidice,,,Mexico City,,10400,Mexico,"Av. Contreras 700, Oficina 204",San Jerónimo Lidice,,,Mexico City,,10400,Mexico,INV-250072,,16/06/2025,15/08/2025,,7900.0000,0.0000,5293.0000,2607.0000,,M01 - Mexico Gr. A - Cat.1,2.0000,3950.0000,,7900.0000,1010,Tax Exempt,0.0000,,,,,USD,Sales invoice,Unsent,Awaiting Payment
One2Travel Group,jl.medina@one2travel.mx,"Av. Contreras 700, Oficina 204",San Jerónimo Lidice,,,Mexico City,,10400,Mexico,"Av. Contreras 700, Oficina 204",San Jerónimo Lidice,,,Mexico City,,10400,Mexico,INV-250072,,16/06/2025,15/08/2025,,7900.0000,0.0000,5293.0000,2607.0000,,NotesPayment term:100% — USD 7900 due on 15/08/2025,0,0,,0.0000,,,0.0000,,,,,USD,Sales invoice,Unsent,Awaiting Payment
One2Travel Group,jl.medina@one2travel.mx,"Av. Contreras 700, Oficina 204",San Jerónimo Lidice,,,Mexico City,,10400,Mexico,"Av. Contreras 700, Oficina 204",San Jerónimo Lidice,,,Mexico City,,10400,Mexico,INV-250071,,11/06/2025,12/03/2026,,21600.0000,0.0000,14472.0000,7128.0000,,M01 - MEX * 1 - TopCat.1,3.0000,4950.0000,,14850.0000,1010,Tax Exempt,0.0000,,,,,USD,Sales invoice,Unsent,Awaiting Payment
One2Travel Group,jl.medina@one2travel.mx,"Av. Contreras 700, Oficina 204",San Jerónimo Lidice,,,Mexico City,,10400,Mexico,"Av. Contreras 700, Oficina 204",San Jerónimo Lidice,,,Mexico City,,10400,Mexico,INV-250071,,11/06/2025,12/03/2026,,21600.0000,0.0000,14472.0000,7128.0000,,M103 - 3rd Place - TopCat.1,3.0000,2250.0000,,6750.0000,1010,Tax Exempt,0.0000,,,,,USD,Sales invoice,Unsent,Awaiting Payment
One2Travel Group,jl.medina@one2travel.mx,"Av. Contreras 700, Oficina 204",San Jerónimo Lidice,,,Mexico City,,10400,Mexico,"Av. Contreras 700, Oficina 204",San Jerónimo Lidice,,,Mexico City,,10400,Mexico,INV-250071,,11/06/2025,12/03/2026,,21600.0000,0.0000,14472.0000,7128.0000,,33.3% — USD 7200 on 18/06/202533.3% — USD 7200 on 01/09/202533.3% — USD 7200 on 12/03/2026,0,0,,0.0000,,,0.0000,,,,,USD,Sales invoice,Unsent,Awaiting Payment
World Soccer Tours Inc,twinssoccer1@att.net,529 w. 9 st.  Suite D,,,,San Pedro,California,90703,USA,529 w. 9 st.  Suite D,,,,San Pedro,California,90703,USA,INV250050,,22/05/2025,26/05/2025,,14000.0000,0.0000,0.0000,14000.0000,,Champions League Final- Cat.2,4.0000,3500.0000,,14000.0000,1012,Tax Exempt,0.0000,,,,,USD,Sales invoice,Unsent,Awaiting Payment
One2Travel Group,jl.medina@one2travel.mx,"Av. Contreras 700, Oficina 204",San Jerónimo Lidice,,,Mexico City,,10400,Mexico,"Av. Contreras 700, Oficina 204",San Jerónimo Lidice,,,Mexico City,,10400,Mexico,INV-250048,,21/05/2025,3/03/2026,,92300.0000,0.0000,46150.0000,46150.0000,,GAME M-53 - TopCat.1,26.0000,2950.0000,,76700.0000,1010,Tax Exempt,0.0000,,,,,USD,Sales invoice,Unsent,Awaiting Payment
One2Travel Group,jl.medina@one2travel.mx,"Av. Contreras 700, Oficina 204",San Jerónimo Lidice,,,Mexico City,,10400,Mexico,"Av. Contreras 700, Oficina 204",San Jerónimo Lidice,,,Mexico City,,10400,Mexico,INV-250048,,21/05/2025,3/03/2026,,92300.0000,0.0000,46150.0000,46150.0000,,GAME M-79 - TopCat.1,4.0000,1950.0000,,7800.0000,1010,Tax Exempt,0.0000,,,,,USD,Sales invoice,Unsent,Awaiting Payment
One2Travel Group,jl.medina@one2travel.mx,"Av. Contreras 700, Oficina 204",San Jerónimo Lidice,,,Mexico City,,10400,Mexico,"Av. Contreras 700, Oficina 204",San Jerónimo Lidice,,,Mexico City,,10400,Mexico,INV-250048,,21/05/2025,3/03/2026,,92300.0000,0.0000,46150.0000,46150.0000,,GAME M-98 - TopCat.1,4.0000,1950.0000,,7800.0000,1010,Tax Exempt,0.0000,,,,,USD,Sales invoice,Unsent,Awaiting Payment
One2Travel Group,jl.medina@one2travel.mx,"Av. Contreras 700, Oficina 204",San Jerónimo Lidice,,,Mexico City,,10400,Mexico,"Av. Contreras 700, Oficina 204",San Jerónimo Lidice,,,Mexico City,,10400,Mexico,INV-250048,,21/05/2025,3/03/2026,,92300.0000,0.0000,46150.0000,46150.0000,,"Payment term:25% Payment - 23,075 USD due in 10 days from receipt 25% Payment - 23,075 USD - 01/09/202525% Payment - 23,075 USD - 15/12/202525% Payment - 23,075 USD - 01/03/2026",0,0,,0.0000,,,0.0000,,,,,USD,Sales invoice,Unsent,Awaiting Payment
One2Travel Group,jl.medina@one2travel.mx,"Av. Contreras 700, Oficina 204",San Jerónimo Lidice,,,Mexico City,,10400,Mexico,"Av. Contreras 700, Oficina 204",San Jerónimo Lidice,,,Mexico City,,10400,Mexico,INV-250024,,24/04/2025,30/04/2025,,4500.0000,0.0000,3015.0000,1485.0000,,M01 - Mexico Gr. A - Cat.3/4Mariana,2.0000,2250.0000,,4500.0000,1010,Tax Exempt,0.0000,,,,,USD,Sales invoice,Unsent,Awaiting Payment
One2Travel Group,jl.medina@one2travel.mx,"Av. Contreras 700, Oficina 204",San Jerónimo Lidice,,,Mexico City,,10400,Mexico,"Av. Contreras 700, Oficina 204",San Jerónimo Lidice,,,Mexico City,,10400,Mexico,INV-250024,,24/04/2025,30/04/2025,,4500.0000,0.0000,3015.0000,1485.0000,,50% — USD 2250 on 01/05/202525% — USD 1125 on 02/06/202525% — USD 1125 on 30/01/2026,0,0,,0.0000,,,0.0000,,,,,USD,Sales invoice,Unsent,Awaiting Payment
One2Travel Group,jl.medina@one2travel.mx,"Av. Contreras 700, Oficina 204",San Jerónimo Lidice,,,Mexico City,,10400,Mexico,"Av. Contreras 700, Oficina 204",San Jerónimo Lidice,,,Mexico City,,10400,Mexico,INV-250023,,22/04/2025,30/04/2025,,16200.0000,0.0000,10854.0000,5346.0000,,M01 - MEX * 1 - Cat.2SERGIO SOTO,2.0000,2450.0000,,4900.0000,1010,Tax Exempt,0.0000,,,,,USD,Sales invoice,Unsent,Awaiting Payment
One2Travel Group,jl.medina@one2travel.mx,"Av. Contreras 700, Oficina 204",San Jerónimo Lidice,,,Mexico City,,10400,Mexico,"Av. Contreras 700, Oficina 204",San Jerónimo Lidice,,,Mexico City,,10400,Mexico,INV-250023,,22/04/2025,30/04/2025,,16200.0000,0.0000,10854.0000,5346.0000,,M15 - Group G - TopCat.1SERGIO SOTO,2.0000,950.0000,,1900.0000,1010,Tax Exempt,0.0000,,,,,USD,Sales invoice,Unsent,Awaiting Payment
One2Travel Group,jl.medina@one2travel.mx,"Av. Contreras 700, Oficina 204",San Jerónimo Lidice,,,Mexico City,,10400,Mexico,"Av. Contreras 700, Oficina 204",San Jerónimo Lidice,,,Mexico City,,10400,Mexico,INV-250023,,22/04/2025,30/04/2025,,16200.0000,0.0000,10854.0000,5346.0000,,M26 - Group B - Cat.1SERGIO SOTO,2.0000,850.0000,,1700.0000,1010,Tax Exempt,0.0000,,,,,USD,Sales invoice,Unsent,Awaiting Payment
One2Travel Group,jl.medina@one2travel.mx,"Av. Contreras 700, Oficina 204",San Jerónimo Lidice,,,Mexico City,,10400,Mexico,"Av. Contreras 700, Oficina 204",San Jerónimo Lidice,,,Mexico City,,10400,Mexico,INV-250023,,22/04/2025,30/04/2025,,16200.0000,0.0000,10854.0000,5346.0000,,M53 - MEX * 3 - Cat.2SERGIO SOTO,2.0000,1950.0000,,3900.0000,1010,Tax Exempt,0.0000,,,,,USD,Sales invoice,Unsent,Awaiting Payment
One2Travel Group,jl.medina@one2travel.mx,"Av. Contreras 700, Oficina 204",San Jerónimo Lidice,,,Mexico City,,10400,Mexico,"Av. Contreras 700, Oficina 204",San Jerónimo Lidice,,,Mexico City,,10400,Mexico,INV-250023,,22/04/2025,30/04/2025,,16200.0000,0.0000,10854.0000,5346.0000,,M86 - 1J vs 2H - Cat.3SERGIO SOTO,2.0000,950.0000,,1900.0000,1010,Tax Exempt,0.0000,,,,,USD,Sales invoice,Unsent,Awaiting Payment
One2Travel Group,jl.medina@one2travel.mx,"Av. Contreras 700, Oficina 204",San Jerónimo Lidice,,,Mexico City,,10400,Mexico,"Av. Contreras 700, Oficina 204",San Jerónimo Lidice,,,Mexico City,,10400,Mexico,INV-250023,,22/04/2025,30/04/2025,,16200.0000,0.0000,10854.0000,5346.0000,,M91 - W76 vs W78 - Cat.1SERGIO SOTO,2.0000,950.0000,,1900.0000,1010,Tax Exempt,0.0000,,,,,USD,Sales invoice,Unsent,Awaiting Payment
One2Travel Group,jl.medina@one2travel.mx,"Av. Contreras 700, Oficina 204",San Jerónimo Lidice,,,Mexico City,,10400,Mexico,"Av. Contreras 700, Oficina 204",San Jerónimo Lidice,,,Mexico City,,10400,Mexico,INV-250023,,22/04/2025,30/04/2025,,16200.0000,0.0000,10854.0000,5346.0000,,50% — USD 8100 on 01/05/202525% — USD 4050 on 02/06/202525% — USD 4050 on 30/01/2026,0,0,,0.0000,,,0.0000,,,,,USD,Sales invoice,Unsent,Awaiting Payment
One2Travel Group,jl.medina@one2travel.mx,"Av. Contreras 700, Oficina 204",San Jerónimo Lidice,,,Mexico City,,10400,Mexico,"Av. Contreras 700, Oficina 204",San Jerónimo Lidice,,,Mexico City,,10400,Mexico,INV-250022,,22/04/2025,30/04/2025,,14850.0000,0.0000,9949.5000,4900.5000,,M01 - MEX * 1 - Cat.2ALBERTO SOTO,3.0000,2450.0000,,7350.0000,1010,Tax Exempt,0.0000,,,,,USD,Sales invoice,Unsent,Awaiting Payment
One2Travel Group,jl.medina@one2travel.mx,"Av. Contreras 700, Oficina 204",San Jerónimo Lidice,,,Mexico City,,10400,Mexico,"Av. Contreras 700, Oficina 204",San Jerónimo Lidice,,,Mexico City,,10400,Mexico,INV-250022,,22/04/2025,30/04/2025,,14850.0000,0.0000,9949.5000,4900.5000,,M15 - Group G - TopCat.1ALBERTO SOTO,2.0000,950.0000,,1900.0000,1010,Tax Exempt,0.0000,,,,,USD,Sales invoice,Unsent,Awaiting Payment
One2Travel Group,jl.medina@one2travel.mx,"Av. Contreras 700, Oficina 204",San Jerónimo Lidice,,,Mexico City,,10400,Mexico,"Av. Contreras 700, Oficina 204",San Jerónimo Lidice,,,Mexico City,,10400,Mexico,INV-250022,,22/04/2025,30/04/2025,,14850.0000,0.0000,9949.5000,4900.5000,,M26 - Group B - Cat.1ALBERTO SOTO,2.0000,850.0000,,1700.0000,1010,Tax Exempt,0.0000,,,,,USD,Sales invoice,Unsent,Awaiting Payment
One2Travel Group,jl.medina@one2travel.mx,"Av. Contreras 700, Oficina 204",San Jerónimo Lidice,,,Mexico City,,10400,Mexico,"Av. Contreras 700, Oficina 204",San Jerónimo Lidice,,,Mexico City,,10400,Mexico,INV-250022,,22/04/2025,30/04/2025,,14850.0000,0.0000,9949.5000,4900.5000,,M53 - MEX * 3 - Cat.2ALBERTO SOTO,2.0000,1950.0000,,3900.0000,1010,Tax Exempt,0.0000,,,,,USD,Sales invoice,Unsent,Awaiting Payment
One2Travel Group,jl.medina@one2travel.mx,"Av. Contreras 700, Oficina 204",San Jerónimo Lidice,,,Mexico City,,10400,Mexico,"Av. Contreras 700, Oficina 204",San Jerónimo Lidice,,,Mexico City,,10400,Mexico,INV-250022,,22/04/2025,30/04/2025,,14850.0000,0.0000,9949.5000,4900.5000,,50% — USD 7425 on 01/05/202525% — USD 3713 on 02/06/202525% — USD 3712 on 30/01/2026,0,0,,0.0000,,,0.0000,,,,,USD,Sales invoice,Unsent,Awaiting Payment
One2Travel Group,jl.medina@one2travel.mx,"Av. Contreras 700, Oficina 204",San Jerónimo Lidice,,,Mexico City,,10400,Mexico,"Av. Contreras 700, Oficina 204",San Jerónimo Lidice,,,Mexico City,,10400,Mexico,INV-250019,,17/04/2025,1/05/2025,,4500.0000,0.0000,0.0000,4500.0000,,M01 - Mexico Gr. A - Cat.3/4Mariana,2.0000,2250.0000,,4500.0000,1010,Tax Exempt,0.0000,,,,,USD,Sales invoice,Unsent,Awaiting Payment
One2Travel Group,jl.medina@one2travel.mx,"Av. Contreras 700, Oficina 204",San Jerónimo Lidice,,,Mexico City,,10400,Mexico,"Av. Contreras 700, Oficina 204",San Jerónimo Lidice,,,Mexico City,,10400,Mexico,INV-250019,,17/04/2025,1/05/2025,,4500.0000,0.0000,0.0000,4500.0000,,Notes50% — USD 2250 on 24/04/202525% — USD 1125 on 02/06/202525% — USD 1125 on 30/01/2026,0,0,,0.0000,,,0.0000,,,,,USD,Sales invoice,Unsent,Awaiting Payment
Nevada Tours S.A de C.V.,armando@nevadatours.com.mx,Av. Rubén Darío 425-Int 702,Circunvalación Vallarta,,,Guadalajara,,44680,Mexico,Av. Rubén Darío 425-Int 702,Circunvalación Vallarta,,,Guadalajara,,44680,Mexico,INV-250017,,3/04/2025,30/04/2026,,314000.0000,0.0000,157000.0000,157000.0000,,M79 – Group A v Group C/E/F/H/I - Cat.3,40.0000,850.0000,,34000.0000,1010,Tax Exempt,0.0000,,,,,USD,Sales invoice,Unsent,Awaiting Payment
Nevada Tours S.A de C.V.,armando@nevadatours.com.mx,Av. Rubén Darío 425-Int 702,Circunvalación Vallarta,,,Guadalajara,,44680,Mexico,Av. Rubén Darío 425-Int 702,Circunvalación Vallarta,,,Guadalajara,,44680,Mexico,INV-250017,,3/04/2025,30/04/2026,,314000.0000,0.0000,157000.0000,157000.0000,,M101 – Winner M97 v Winner M98 - Cat.1,20.0000,2750.0000,,55000.0000,1010,Tax Exempt,0.0000,,,,,USD,Sales invoice,Unsent,Awaiting Payment
Nevada Tours S.A de C.V.,armando@nevadatours.com.mx,Av. Rubén Darío 425-Int 702,Circunvalación Vallarta,,,Guadalajara,,44680,Mexico,Av. Rubén Darío 425-Int 702,Circunvalación Vallarta,,,Guadalajara,,44680,Mexico,INV-250017,,3/04/2025,30/04/2026,,314000.0000,0.0000,157000.0000,157000.0000,,M102 – Winner M99 v Winner M100 - Cat.1,20.0000,2750.0000,,55000.0000,1010,Tax Exempt,0.0000,,,,,USD,Sales invoice,Unsent,Awaiting Payment
Nevada Tours S.A de C.V.,armando@nevadatours.com.mx,Av. Rubén Darío 425-Int 702,Circunvalación Vallarta,,,Guadalajara,,44680,Mexico,Av. Rubén Darío 425-Int 702,Circunvalación Vallarta,,,Guadalajara,,44680,Mexico,INV-250017,,3/04/2025,30/04/2026,,314000.0000,0.0000,157000.0000,157000.0000,,M104 Final - Cat1,20.0000,8500.0000,,170000.0000,1010,Tax Exempt,0.0000,,,,,USD,Sales invoice,Unsent,Awaiting Payment
Nevada Tours S.A de C.V.,armando@nevadatours.com.mx,Av. Rubén Darío 425-Int 702,Circunvalación Vallarta,,,Guadalajara,,44680,Mexico,Av. Rubén Darío 425-Int 702,Circunvalación Vallarta,,,Guadalajara,,44680,Mexico,INV-250017,,3/04/2025,30/04/2026,,314000.0000,0.0000,157000.0000,157000.0000,,25% — USD 78 500 before 30/04/202525% — USD 78 500 before 01/08/202525% — USD 78 500 before 15/12/202525% — USD 78 500 before 30/04/2026,0,0,,0.0000,,,0.0000,,,,,USD,Sales invoice,Unsent,Awaiting Payment
"Konnecta Travel, S.A. de C.V.",aolivares@konnectatravel.com.mx,Rio Guadalquivir 53 Int. 305,Cuauhtémoc,,,Mexico City,,06500,Mexico,Rio Guadalquivir 53 Int. 305,Cuauhtémoc,,,Mexico City,,06500,Mexico,INV-250014,,26/03/2025,2/04/2025,,32000.0000,0.0000,26285.0000,5715.0000,,M01 - MEX * 1 - Cat.2,2.0000,2250.0000,,4500.0000,1010,Tax Exempt,0.0000,,,,,USD,Sales invoice,Unsent,Awaiting Payment
"Konnecta Travel, S.A. de C.V.",aolivares@konnectatravel.com.mx,Rio Guadalquivir 53 Int. 305,Cuauhtémoc,,,Mexico City,,06500,Mexico,Rio Guadalquivir 53 Int. 305,Cuauhtémoc,,,Mexico City,,06500,Mexico,INV-250014,,26/03/2025,2/04/2025,,32000.0000,0.0000,26285.0000,5715.0000,,M01 - MEX * 1 - TopCat.1,2.0000,3950.0000,,7900.0000,1010,Tax Exempt,0.0000,,,,,USD,Sales invoice,Unsent,Awaiting Payment
"Konnecta Travel, S.A. de C.V.",aolivares@konnectatravel.com.mx,Rio Guadalquivir 53 Int. 305,Cuauhtémoc,,,Mexico City,,06500,Mexico,Rio Guadalquivir 53 Int. 305,Cuauhtémoc,,,Mexico City,,06500,Mexico,INV-250014,,26/03/2025,2/04/2025,,32000.0000,0.0000,26285.0000,5715.0000,,M28 - MEX * 2 - Cat.2,2.0000,1950.0000,,3900.0000,1010,Tax Exempt,0.0000,,,,,USD,Sales invoice,Unsent,Awaiting Payment
"Konnecta Travel, S.A. de C.V.",aolivares@konnectatravel.com.mx,Rio Guadalquivir 53 Int. 305,Cuauhtémoc,,,Mexico City,,06500,Mexico,Rio Guadalquivir 53 Int. 305,Cuauhtémoc,,,Mexico City,,06500,Mexico,INV-250014,,26/03/2025,2/04/2025,,32000.0000,0.0000,26285.0000,5715.0000,,M28 - MEX * 2 - TopCat.1,2.0000,2950.0000,,5900.0000,1010,Tax Exempt,0.0000,,,,,USD,Sales invoice,Unsent,Awaiting Payment
"Konnecta Travel, S.A. de C.V.",aolivares@konnectatravel.com.mx,Rio Guadalquivir 53 Int. 305,Cuauhtémoc,,,Mexico City,,06500,Mexico,Rio Guadalquivir 53 Int. 305,Cuauhtémoc,,,Mexico City,,06500,Mexico,INV-250014,,26/03/2025,2/04/2025,,32000.0000,0.0000,26285.0000,5715.0000,,M53 - MEX * 3 - Cat.2,2.0000,1950.0000,,3900.0000,1010,Tax Exempt,0.0000,,,,,USD,Sales invoice,Unsent,Awaiting Payment
"Konnecta Travel, S.A. de C.V.",aolivares@konnectatravel.com.mx,Rio Guadalquivir 53 Int. 305,Cuauhtémoc,,,Mexico City,,06500,Mexico,Rio Guadalquivir 53 Int. 305,Cuauhtémoc,,,Mexico City,,06500,Mexico,INV-250014,,26/03/2025,2/04/2025,,32000.0000,0.0000,26285.0000,5715.0000,,M53 - MEX * 3 - TopCat.1,2.0000,2950.0000,,5900.0000,1010,Tax Exempt,0.0000,,,,,USD,Sales invoice,Unsent,Awaiting Payment
Tarmo,,,,,,,,,,,,,,,,,,INV-250008,,6/03/2025,31/05/2025,,5590.0000,0.0000,0.0000,5590.0000,,Carabao Cup Final 2025- Liverpool FC vs Newcastle UnitedShort side middle Tier-TabhouseNewcastle End,2.0000,2795.0000,,5590.0000,1023,Tax Exempt,0.0000,,,,,EUR,Sales invoice,Unsent,Awaiting Payment
Tarmo,,,,,,,,,,,,,,,,,,INV-250006,,27/02/2025,31/03/2025,,1700.0000,0.0000,0.0000,1700.0000,,Real Madrid vs Girona FC,4.0000,425.0000,,1700.0000,1023,Tax Exempt,0.0000,,,,,EUR,Sales invoice,Unsent,Awaiting Payment
Tower Travel,administracion2@towertravel.com.ar,Lavalle 462 Piso 4,,,,Buenos Aires,,1047AAJ,Argentina,Lavalle 462 Piso 4,,,,Buenos Aires,,1047AAJ,Argentina,INV-250001-7,,31/01/2025,7/02/2025,,110250.0000,0.0000,0.0000,110250.0000,,WC 2026 ticketsContract 2025-1004FMT ARG & BRA,1.0000,110250.0000,,110250.0000,1010,Tax Exempt,0.0000,,,,,USD,Sales invoice,Unsent,Awaiting Payment
Tower Travel,administracion2@towertravel.com.ar,Lavalle 462 Piso 4,,,,Buenos Aires,,1047AAJ,Argentina,Lavalle 462 Piso 4,,,,Buenos Aires,,1047AAJ,Argentina,INV-250001-6,,31/01/2025,7/02/2025,,110250.0000,0.0000,0.0000,110250.0000,,WC 2026 ticketsContract 2025-1004FMT ARG & BRA,1.0000,110250.0000,,110250.0000,1010,Tax Exempt,0.0000,,,,,USD,Sales invoice,Unsent,Awaiting Payment
Tower Travel,administracion2@towertravel.com.ar,Lavalle 462 Piso 4,,,,Buenos Aires,,1047AAJ,Argentina,Lavalle 462 Piso 4,,,,Buenos Aires,,1047AAJ,Argentina,INV-250001-5,,31/01/2025,7/02/2025,,110250.0000,0.0000,0.0000,110250.0000,,WC 2026 ticketsContract 2025-1004FMT ARG & BRA,1.0000,110250.0000,,110250.0000,1010,Tax Exempt,0.0000,,,,,USD,Sales invoice,Unsent,Awaiting Payment
The Blend Group Ltd.,andrew@theblendgroup.com,"Woolyard, Bermondsey Street",,,,London,,SE1 3UD,United Kingdom,,,,,,,,,INV-240753,,22/11/2024,5/05/2025,,7200.0000,0.0000,3675.0000,3525.0000,,M77 1I v 3CDFGH - Top.Cat1,4.0000,850.0000,,3400.0000,1010,Tax Exempt,0.0000,,,,,USD,Sales invoice,Unsent,Awaiting Payment
The Blend Group Ltd.,andrew@theblendgroup.com,"Woolyard, Bermondsey Street",,,,London,,SE1 3UD,United Kingdom,,,,,,,,,INV-240753,,22/11/2024,5/05/2025,,7200.0000,0.0000,3675.0000,3525.0000,,M91 W76 v W78 - Top.Cat1,4.0000,950.0000,,3800.0000,1010,Tax Exempt,0.0000,,,,,USD,Sales invoice,Unsent,Awaiting Payment
The Blend Group Ltd.,andrew@theblendgroup.com,"Woolyard, Bermondsey Street",,,,London,,SE1 3UD,United Kingdom,,,,,,,,,INV-240753,,22/11/2024,5/05/2025,,7200.0000,0.0000,3675.0000,3525.0000,,25% within 5 days after confirmation by email50 % on 03. February 202525 % on 05. May 2025,0,0,,0.0000,,,0.0000,,,,,USD,Sales invoice,Unsent,Awaiting Payment
Tarmo,,,,,,,,,,,,,,,,,,INV-240752,,13/11/2024,31/05/2025,,7500.0000,0.0000,0.0000,7500.0000,,Chelsea vs Fulham Lower Level,3.0000,675.0000,,2025.0000,1023,Tax Exempt,0.0000,,,,,EUR,Sales invoice,Unsent,Awaiting Payment
Tarmo,,,,,,,,,,,,,,,,,,INV-240752,,13/11/2024,31/05/2025,,7500.0000,0.0000,0.0000,7500.0000,,Arsenal vs Ipswich Club Level,3.0000,1250.0000,,3750.0000,1023,Tax Exempt,0.0000,,,,,EUR,Sales invoice,Unsent,Awaiting Payment
Tarmo,,,,,,,,,,,,,,,,,,INV-240752,,13/11/2024,31/05/2025,,7500.0000,0.0000,0.0000,7500.0000,,Manchester United vs Newcastle Museum Pre-Match,3.0000,575.0000,,1725.0000,1023,Tax Exempt,0.0000,,,,,EUR,Sales invoice,Unsent,Awaiting Payment
The Blend Group Ltd.,andrew@theblendgroup.com,"Woolyard, Bermondsey Street",,,,London,,SE1 3UD,United Kingdom,,,,,,,,,INV-240747,,4/11/2024,18/11/2024,,7500.0000,0.0000,3675.0000,3825.0000,,WC26 | M99 - Quarter Final - TopCat.1,6.0000,1250.0000,,7500.0000,1010,Tax Exempt,0.0000,,,,,USD,Sales invoice,Unsent,Awaiting Payment
Tarmo,,,,,,,,,,,,,,,,,,INV-240746,,23/10/2024,31/05/2025,,1100.0000,0.0000,0.0000,1100.0000,,Barcelona – Bayern Munich Cat.Red,2.0000,550.0000,,1100.0000,1023,Tax Exempt,0.0000,,,,,EUR,Sales invoice,Unsent,Awaiting Payment
Roadtrips Inc.,raphael.simoes@roadtrips.com,700-191 Lombard Ave,,,,Winnipeg,Manitoba,R3BOX1,Canada,700-191 Lombard Ave,,,,Winnipeg,Manitoba,R3BOX1,Canada,INV-240739,,9/10/2024,2/03/2026,,785000.0000,0.0000,470985.0000,314015.0000,,Match 01 (Mex) - CAT 3,20.0000,1450.0000,,29000.0000,1010,Tax Exempt,0.0000,,,,,USD,Sales invoice,Unsent,Awaiting Payment
Roadtrips Inc.,raphael.simoes@roadtrips.com,700-191 Lombard Ave,,,,Winnipeg,Manitoba,R3BOX1,Canada,700-191 Lombard Ave,,,,Winnipeg,Manitoba,R3BOX1,Canada,INV-240739,,9/10/2024,2/03/2026,,785000.0000,0.0000,470985.0000,314015.0000,,Match 01 (Mex) - CAT 2,20.0000,1650.0000,,33000.0000,1010,Tax Exempt,0.0000,,,,,USD,Sales invoice,Unsent,Awaiting Payment
Roadtrips Inc.,raphael.simoes@roadtrips.com,700-191 Lombard Ave,,,,Winnipeg,Manitoba,R3BOX1,Canada,700-191 Lombard Ave,,,,Winnipeg,Manitoba,R3BOX1,Canada,INV-240739,,9/10/2024,2/03/2026,,785000.0000,0.0000,470985.0000,314015.0000,,Match 01 (Mex) - CAT 1,20.0000,2500.0000,,50000.0000,1010,Tax Exempt,0.0000,,,,,USD,Sales invoice,Unsent,Awaiting Payment
Roadtrips Inc.,raphael.simoes@roadtrips.com,700-191 Lombard Ave,,,,Winnipeg,Manitoba,R3BOX1,Canada,700-191 Lombard Ave,,,,Winnipeg,Manitoba,R3BOX1,Canada,INV-240739,,9/10/2024,2/03/2026,,785000.0000,0.0000,470985.0000,314015.0000,,Match 01 (Mex) - CAT 1Guaranteed 102-110 / 136-132 / 202-212 / 232-241 / 302-306 / 322-326 Grouping 4s or better,12.0000,3000.0000,,36000.0000,1010,Tax Exempt,0.0000,,,,,USD,Sales invoice,Unsent,Awaiting Payment
Roadtrips Inc.,raphael.simoes@roadtrips.com,700-191 Lombard Ave,,,,Winnipeg,Manitoba,R3BOX1,Canada,700-191 Lombard Ave,,,,Winnipeg,Manitoba,R3BOX1,Canada,INV-240739,,9/10/2024,2/03/2026,,785000.0000,0.0000,470985.0000,314015.0000,,Match 28 (Mex) - CAT 3,10.0000,950.0000,,9500.0000,1010,Tax Exempt,0.0000,,,,,USD,Sales invoice,Unsent,Awaiting Payment
Roadtrips Inc.,raphael.simoes@roadtrips.com,700-191 Lombard Ave,,,,Winnipeg,Manitoba,R3BOX1,Canada,700-191 Lombard Ave,,,,Winnipeg,Manitoba,R3BOX1,Canada,INV-240739,,9/10/2024,2/03/2026,,785000.0000,0.0000,470985.0000,314015.0000,,Match 28 (Mex) - CAT 1,10.0000,1850.0000,,18500.0000,1010,Tax Exempt,0.0000,,,,,USD,Sales invoice,Unsent,Awaiting Payment
Roadtrips Inc.,raphael.simoes@roadtrips.com,700-191 Lombard Ave,,,,Winnipeg,Manitoba,R3BOX1,Canada,700-191 Lombard Ave,,,,Winnipeg,Manitoba,R3BOX1,Canada,INV-240739,,9/10/2024,2/03/2026,,785000.0000,0.0000,470985.0000,314015.0000,,Match 53 (Mex) - CAT 3,10.0000,950.0000,,9500.0000,1010,Tax Exempt,0.0000,,,,,USD,Sales invoice,Unsent,Awaiting Payment
Roadtrips Inc.,raphael.simoes@roadtrips.com,700-191 Lombard Ave,,,,Winnipeg,Manitoba,R3BOX1,Canada,700-191 Lombard Ave,,,,Winnipeg,Manitoba,R3BOX1,Canada,INV-240739,,9/10/2024,2/03/2026,,785000.0000,0.0000,470985.0000,314015.0000,,Match 53 (Mex) - CAT 1,10.0000,1850.0000,,18500.0000,1010,Tax Exempt,0.0000,,,,,USD,Sales invoice,Unsent,Awaiting Payment
Roadtrips Inc.,raphael.simoes@roadtrips.com,700-191 Lombard Ave,,,,Winnipeg,Manitoba,R3BOX1,Canada,700-191 Lombard Ave,,,,Winnipeg,Manitoba,R3BOX1,Canada,INV-240739,,9/10/2024,2/03/2026,,785000.0000,0.0000,470985.0000,314015.0000,,Match 04 (USA) - CAT 2,10.0000,650.0000,,6500.0000,1010,Tax Exempt,0.0000,,,,,USD,Sales invoice,Unsent,Awaiting Payment
Roadtrips Inc.,raphael.simoes@roadtrips.com,700-191 Lombard Ave,,,,Winnipeg,Manitoba,R3BOX1,Canada,700-191 Lombard Ave,,,,Winnipeg,Manitoba,R3BOX1,Canada,INV-240739,,9/10/2024,2/03/2026,,785000.0000,0.0000,470985.0000,314015.0000,,Match 04 (USA) - CAT 1,10.0000,850.0000,,8500.0000,1010,Tax Exempt,0.0000,,,,,USD,Sales invoice,Unsent,Awaiting Payment
Roadtrips Inc.,raphael.simoes@roadtrips.com,700-191 Lombard Ave,,,,Winnipeg,Manitoba,R3BOX1,Canada,700-191 Lombard Ave,,,,Winnipeg,Manitoba,R3BOX1,Canada,INV-240739,,9/10/2024,2/03/2026,,785000.0000,0.0000,470985.0000,314015.0000,,Match 32 (USA) - CAT 2,10.0000,650.0000,,6500.0000,1010,Tax Exempt,0.0000,,,,,USD,Sales invoice,Unsent,Awaiting Payment
Roadtrips Inc.,raphael.simoes@roadtrips.com,700-191 Lombard Ave,,,,Winnipeg,Manitoba,R3BOX1,Canada,700-191 Lombard Ave,,,,Winnipeg,Manitoba,R3BOX1,Canada,INV-240739,,9/10/2024,2/03/2026,,785000.0000,0.0000,470985.0000,314015.0000,,Match 32 (USA) - CAT 1,10.0000,850.0000,,8500.0000,1010,Tax Exempt,0.0000,,,,,USD,Sales invoice,Unsent,Awaiting Payment
Roadtrips Inc.,raphael.simoes@roadtrips.com,700-191 Lombard Ave,,,,Winnipeg,Manitoba,R3BOX1,Canada,700-191 Lombard Ave,,,,Winnipeg,Manitoba,R3BOX1,Canada,INV-240739,,9/10/2024,2/03/2026,,785000.0000,0.0000,470985.0000,314015.0000,,Match 59 (USA) - CAT 2,10.0000,650.0000,,6500.0000,1010,Tax Exempt,0.0000,,,,,USD,Sales invoice,Unsent,Awaiting Payment
Roadtrips Inc.,raphael.simoes@roadtrips.com,700-191 Lombard Ave,,,,Winnipeg,Manitoba,R3BOX1,Canada,700-191 Lombard Ave,,,,Winnipeg,Manitoba,R3BOX1,Canada,INV-240739,,9/10/2024,2/03/2026,,785000.0000,0.0000,470985.0000,314015.0000,,Match 59 (USA) - CAT 1,10.0000,850.0000,,8500.0000,1010,Tax Exempt,0.0000,,,,,USD,Sales invoice,Unsent,Awaiting Payment
Roadtrips Inc.,raphael.simoes@roadtrips.com,700-191 Lombard Ave,,,,Winnipeg,Manitoba,R3BOX1,Canada,700-191 Lombard Ave,,,,Winnipeg,Manitoba,R3BOX1,Canada,INV-240739,,9/10/2024,2/03/2026,,785000.0000,0.0000,470985.0000,314015.0000,,Match 03 (CAN) - CAT 2,10.0000,450.0000,,4500.0000,1010,Tax Exempt,0.0000,,,,,USD,Sales invoice,Unsent,Awaiting Payment
Roadtrips Inc.,raphael.simoes@roadtrips.com,700-191 Lombard Ave,,,,Winnipeg,Manitoba,R3BOX1,Canada,700-191 Lombard Ave,,,,Winnipeg,Manitoba,R3BOX1,Canada,INV-240739,,9/10/2024,2/03/2026,,785000.0000,0.0000,470985.0000,314015.0000,,Match 03 (CAN) - CAT 1,10.0000,650.0000,,6500.0000,1010,Tax Exempt,0.0000,,,,,USD,Sales invoice,Unsent,Awaiting Payment
Roadtrips Inc.,raphael.simoes@roadtrips.com,700-191 Lombard Ave,,,,Winnipeg,Manitoba,R3BOX1,Canada,700-191 Lombard Ave,,,,Winnipeg,Manitoba,R3BOX1,Canada,INV-240739,,9/10/2024,2/03/2026,,785000.0000,0.0000,470985.0000,314015.0000,,Match 27 (CAN) - CAT 2,10.0000,450.0000,,4500.0000,1010,Tax Exempt,0.0000,,,,,USD,Sales invoice,Unsent,Awaiting Payment
Roadtrips Inc.,raphael.simoes@roadtrips.com,700-191 Lombard Ave,,,,Winnipeg,Manitoba,R3BOX1,Canada,700-191 Lombard Ave,,,,Winnipeg,Manitoba,R3BOX1,Canada,INV-240739,,9/10/2024,2/03/2026,,785000.0000,0.0000,470985.0000,314015.0000,,Match 27 (CAN) - CAT 1,10.0000,650.0000,,6500.0000,1010,Tax Exempt,0.0000,,,,,USD,Sales invoice,Unsent,Awaiting Payment
Roadtrips Inc.,raphael.simoes@roadtrips.com,700-191 Lombard Ave,,,,Winnipeg,Manitoba,R3BOX1,Canada,700-191 Lombard Ave,,,,Winnipeg,Manitoba,R3BOX1,Canada,INV-240739,,9/10/2024,2/03/2026,,785000.0000,0.0000,470985.0000,314015.0000,,Match 51 (CAN) - CAT 2,10.0000,450.0000,,4500.0000,1010,Tax Exempt,0.0000,,,,,USD,Sales invoice,Unsent,Awaiting Payment
Roadtrips Inc.,raphael.simoes@roadtrips.com,700-191 Lombard Ave,,,,Winnipeg,Manitoba,R3BOX1,Canada,700-191 Lombard Ave,,,,Winnipeg,Manitoba,R3BOX1,Canada,INV-240739,,9/10/2024,2/03/2026,,785000.0000,0.0000,470985.0000,314015.0000,,Match 51 (CAN) - CAT 1,10.0000,650.0000,,6500.0000,1010,Tax Exempt,0.0000,,,,,USD,Sales invoice,Unsent,Awaiting Payment
Roadtrips Inc.,raphael.simoes@roadtrips.com,700-191 Lombard Ave,,,,Winnipeg,Manitoba,R3BOX1,Canada,700-191 Lombard Ave,,,,Winnipeg,Manitoba,R3BOX1,Canada,INV-240739,,9/10/2024,2/03/2026,,785000.0000,0.0000,470985.0000,314015.0000,,Match 73 - CAT 1,10.0000,900.0000,,9000.0000,1010,Tax Exempt,0.0000,,,,,USD,Sales invoice,Unsent,Awaiting Payment
Roadtrips Inc.,raphael.simoes@roadtrips.com,700-191 Lombard Ave,,,,Winnipeg,Manitoba,R3BOX1,Canada,700-191 Lombard Ave,,,,Winnipeg,Manitoba,R3BOX1,Canada,INV-240739,,9/10/2024,2/03/2026,,785000.0000,0.0000,470985.0000,314015.0000,,Match 79 - CAT 1,20.0000,900.0000,,18000.0000,1010,Tax Exempt,0.0000,,,,,USD,Sales invoice,Unsent,Awaiting Payment
Roadtrips Inc.,raphael.simoes@roadtrips.com,700-191 Lombard Ave,,,,Winnipeg,Manitoba,R3BOX1,Canada,700-191 Lombard Ave,,,,Winnipeg,Manitoba,R3BOX1,Canada,INV-240739,,9/10/2024,2/03/2026,,785000.0000,0.0000,470985.0000,314015.0000,,Match 89 - CAT 1,10.0000,750.0000,,7500.0000,1010,Tax Exempt,0.0000,,,,,USD,Sales invoice,Unsent,Awaiting Payment
Roadtrips Inc.,raphael.simoes@roadtrips.com,700-191 Lombard Ave,,,,Winnipeg,Manitoba,R3BOX1,Canada,700-191 Lombard Ave,,,,Winnipeg,Manitoba,R3BOX1,Canada,INV-240739,,9/10/2024,2/03/2026,,785000.0000,0.0000,470985.0000,314015.0000,,Match 90 - CAT 1,10.0000,750.0000,,7500.0000,1010,Tax Exempt,0.0000,,,,,USD,Sales invoice,Unsent,Awaiting Payment
Roadtrips Inc.,raphael.simoes@roadtrips.com,700-191 Lombard Ave,,,,Winnipeg,Manitoba,R3BOX1,Canada,700-191 Lombard Ave,,,,Winnipeg,Manitoba,R3BOX1,Canada,INV-240739,,9/10/2024,2/03/2026,,785000.0000,0.0000,470985.0000,314015.0000,,Match 91 - CAT 1,10.0000,750.0000,,7500.0000,1010,Tax Exempt,0.0000,,,,,USD,Sales invoice,Unsent,Awaiting Payment
Roadtrips Inc.,raphael.simoes@roadtrips.com,700-191 Lombard Ave,,,,Winnipeg,Manitoba,R3BOX1,Canada,700-191 Lombard Ave,,,,Winnipeg,Manitoba,R3BOX1,Canada,INV-240739,,9/10/2024,2/03/2026,,785000.0000,0.0000,470985.0000,314015.0000,,Match 92 - CAT 1,20.0000,750.0000,,15000.0000,1010,Tax Exempt,0.0000,,,,,USD,Sales invoice,Unsent,Awaiting Payment
Roadtrips Inc.,raphael.simoes@roadtrips.com,700-191 Lombard Ave,,,,Winnipeg,Manitoba,R3BOX1,Canada,700-191 Lombard Ave,,,,Winnipeg,Manitoba,R3BOX1,Canada,INV-240739,,9/10/2024,2/03/2026,,785000.0000,0.0000,470985.0000,314015.0000,,Match 93 - CAT 1,10.0000,750.0000,,7500.0000,1010,Tax Exempt,0.0000,,,,,USD,Sales invoice,Unsent,Awaiting Payment
Roadtrips Inc.,raphael.simoes@roadtrips.com,700-191 Lombard Ave,,,,Winnipeg,Manitoba,R3BOX1,Canada,700-191 Lombard Ave,,,,Winnipeg,Manitoba,R3BOX1,Canada,INV-240739,,9/10/2024,2/03/2026,,785000.0000,0.0000,470985.0000,314015.0000,,Match 94 - CAT 1,10.0000,750.0000,,7500.0000,1010,Tax Exempt,0.0000,,,,,USD,Sales invoice,Unsent,Awaiting Payment
Roadtrips Inc.,raphael.simoes@roadtrips.com,700-191 Lombard Ave,,,,Winnipeg,Manitoba,R3BOX1,Canada,700-191 Lombard Ave,,,,Winnipeg,Manitoba,R3BOX1,Canada,INV-240739,,9/10/2024,2/03/2026,,785000.0000,0.0000,470985.0000,314015.0000,,Match 95 - CAT 1,10.0000,750.0000,,7500.0000,1010,Tax Exempt,0.0000,,,,,USD,Sales invoice,Unsent,Awaiting Payment
Roadtrips Inc.,raphael.simoes@roadtrips.com,700-191 Lombard Ave,,,,Winnipeg,Manitoba,R3BOX1,Canada,700-191 Lombard Ave,,,,Winnipeg,Manitoba,R3BOX1,Canada,INV-240739,,9/10/2024,2/03/2026,,785000.0000,0.0000,470985.0000,314015.0000,,Match 96 - CAT 1,10.0000,750.0000,,7500.0000,1010,Tax Exempt,0.0000,,,,,USD,Sales invoice,Unsent,Awaiting Payment
Roadtrips Inc.,raphael.simoes@roadtrips.com,700-191 Lombard Ave,,,,Winnipeg,Manitoba,R3BOX1,Canada,700-191 Lombard Ave,,,,Winnipeg,Manitoba,R3BOX1,Canada,INV-240739,,9/10/2024,2/03/2026,,785000.0000,0.0000,470985.0000,314015.0000,,Match 97 - CAT 1,10.0000,1000.0000,,10000.0000,1010,Tax Exempt,0.0000,,,,,USD,Sales invoice,Unsent,Awaiting Payment
Roadtrips Inc.,raphael.simoes@roadtrips.com,700-191 Lombard Ave,,,,Winnipeg,Manitoba,R3BOX1,Canada,700-191 Lombard Ave,,,,Winnipeg,Manitoba,R3BOX1,Canada,INV-240739,,9/10/2024,2/03/2026,,785000.0000,0.0000,470985.0000,314015.0000,,Match 98 - CAT 1,10.0000,1000.0000,,10000.0000,1010,Tax Exempt,0.0000,,,,,USD,Sales invoice,Unsent,Awaiting Payment
Roadtrips Inc.,raphael.simoes@roadtrips.com,700-191 Lombard Ave,,,,Winnipeg,Manitoba,R3BOX1,Canada,700-191 Lombard Ave,,,,Winnipeg,Manitoba,R3BOX1,Canada,INV-240739,,9/10/2024,2/03/2026,,785000.0000,0.0000,470985.0000,314015.0000,,Match 99 - CAT 1,10.0000,1000.0000,,10000.0000,1010,Tax Exempt,0.0000,,,,,USD,Sales invoice,Unsent,Awaiting Payment
Roadtrips Inc.,raphael.simoes@roadtrips.com,700-191 Lombard Ave,,,,Winnipeg,Manitoba,R3BOX1,Canada,700-191 Lombard Ave,,,,Winnipeg,Manitoba,R3BOX1,Canada,INV-240739,,9/10/2024,2/03/2026,,785000.0000,0.0000,470985.0000,314015.0000,,Match 101 - CAT 3,10.0000,1250.0000,,12500.0000,1010,Tax Exempt,0.0000,,,,,USD,Sales invoice,Unsent,Awaiting Payment
Roadtrips Inc.,raphael.simoes@roadtrips.com,700-191 Lombard Ave,,,,Winnipeg,Manitoba,R3BOX1,Canada,700-191 Lombard Ave,,,,Winnipeg,Manitoba,R3BOX1,Canada,INV-240739,,9/10/2024,2/03/2026,,785000.0000,0.0000,470985.0000,314015.0000,,Match 101 - CAT 1,20.0000,2450.0000,,49000.0000,1010,Tax Exempt,0.0000,,,,,USD,Sales invoice,Unsent,Awaiting Payment
Roadtrips Inc.,raphael.simoes@roadtrips.com,700-191 Lombard Ave,,,,Winnipeg,Manitoba,R3BOX1,Canada,700-191 Lombard Ave,,,,Winnipeg,Manitoba,R3BOX1,Canada,INV-240739,,9/10/2024,2/03/2026,,785000.0000,0.0000,470985.0000,314015.0000,,Match 102 - CAT 3,10.0000,1150.0000,,11500.0000,1010,Tax Exempt,0.0000,,,,,USD,Sales invoice,Unsent,Awaiting Payment
Roadtrips Inc.,raphael.simoes@roadtrips.com,700-191 Lombard Ave,,,,Winnipeg,Manitoba,R3BOX1,Canada,700-191 Lombard Ave,,,,Winnipeg,Manitoba,R3BOX1,Canada,INV-240739,,9/10/2024,2/03/2026,,785000.0000,0.0000,470985.0000,314015.0000,,Match 102 - CAT 1,20.0000,2350.0000,,47000.0000,1010,Tax Exempt,0.0000,,,,,USD,Sales invoice,Unsent,Awaiting Payment
Roadtrips Inc.,raphael.simoes@roadtrips.com,700-191 Lombard Ave,,,,Winnipeg,Manitoba,R3BOX1,Canada,700-191 Lombard Ave,,,,Winnipeg,Manitoba,R3BOX1,Canada,INV-240739,,9/10/2024,2/03/2026,,785000.0000,0.0000,470985.0000,314015.0000,,Match 104 - CAT 3,10.0000,4000.0000,,40000.0000,1010,Tax Exempt,0.0000,,,,,USD,Sales invoice,Unsent,Awaiting Payment
Roadtrips Inc.,raphael.simoes@roadtrips.com,700-191 Lombard Ave,,,,Winnipeg,Manitoba,R3BOX1,Canada,700-191 Lombard Ave,,,,Winnipeg,Manitoba,R3BOX1,Canada,INV-240739,,9/10/2024,2/03/2026,,785000.0000,0.0000,470985.0000,314015.0000,,Match 104 - CAT 2,10.0000,4500.0000,,45000.0000,1010,Tax Exempt,0.0000,,,,,USD,Sales invoice,Unsent,Awaiting Payment
Roadtrips Inc.,raphael.simoes@roadtrips.com,700-191 Lombard Ave,,,,Winnipeg,Manitoba,R3BOX1,Canada,700-191 Lombard Ave,,,,Winnipeg,Manitoba,R3BOX1,Canada,INV-240739,,9/10/2024,2/03/2026,,785000.0000,0.0000,470985.0000,314015.0000,,Match 104 - CAT 1,8.0000,7500.0000,,60000.0000,1010,Tax Exempt,0.0000,,,,,USD,Sales invoice,Unsent,Awaiting Payment
Roadtrips Inc.,raphael.simoes@roadtrips.com,700-191 Lombard Ave,,,,Winnipeg,Manitoba,R3BOX1,Canada,700-191 Lombard Ave,,,,Winnipeg,Manitoba,R3BOX1,Canada,INV-240739,,9/10/2024,2/03/2026,,785000.0000,0.0000,470985.0000,314015.0000,,Match 104 - CAT 1Guaranteed 109-117 / 134-143 / 210-217 / 235-243Grouping 4s or better,12.0000,9458.3330,,113500.0000,1010,Tax Exempt,0.0000,,,,,USD,Sales invoice,Unsent,Awaiting Payment
Tarmo,,,,,,,,,,,,,,,,,,INV-240734,,12/09/2024,31/05/2025,,1980.0000,0.0000,0.0000,1980.0000,,Liverpool FC vs Notting Forest,4.0000,495.0000,,1980.0000,1023,Tax Exempt,0.0000,,,,,EUR,Sales invoice,Unsent,Awaiting Payment
Touchpoint Incentive sp. z o.o.,a.singh@touchpoint-incentive.pl,ul. Truskawiecka 1,,,,Poznań,,60-478,Poland,,,,,,,,,,,3/04/2024,,,1450.0000,0.0000,0.0000,215.0000,,INWARD REMITTANCETT REF: H01404036199794 EUR 7225 TOUCHPOINT INCENT IVE SPOLKA Z OGRAN /ROC/2403290868999584/URI/INV-2 40 102 25-148945386-1-151 - AE0635265,1.0000,1450.0000,,1450.0000,5320,Tax Exempt,0.0000,,,,,EUR,Sales overpayment,,Awaiting Payment
Mirra Sportevents BV,janine@mirra-sportevents.nl,Park Broekheurne 1,,,,Enschede,,7544NK,Netherlands,Park Broekheurne 1,,,,Enschede,,7544NK,Netherlands,,,19/04/2024,,,2.5000,0.0000,0.0000,2.5000,,INV-230006,1.0000,2.5000,,2.5000,5320,Tax Exempt,0.0000,,,,,EUR,Sales overpayment,,Awaiting Payment
KALINKA Operadora Hotelera S.A. de CV,reservaciones@kalinka.mx,Av. del Bosque mza 8 lote 13 inter 4,"Sm 43 Pedregal del Bosque,",,,Cancun,,CP 77506,Mexico,Av. del Bosque mza 8 lote 13 inter 4,"Sm 43 Pedregal del Bosque,",,,Cancun,,CP 77506,Mexico,,Cancelled INV-240005,16/01/2024,,,295.0000,0.0000,0.0000,295.0000,,Payment for INV-240005,1.0000,295.0000,,295.0000,5320,Tax Exempt,0.0000,,,,,EUR,Sales overpayment,,Awaiting Payment
